659;983850174;77507056500;liza camilo;liza;liza783
595;527804766;92940258531;clair maldonado;clair;clair119
276;714156385;39247323892;marcel mendes;marcel;marcel899
748;866477402;70713669287;adalberto varela;adalberto;adalberto960
963;971262369;67123924997;bartolomeu pinto;bartolomeu;bartolomeu244
555;823772519;12090611823;katharina gentil;katharina;katharina308
419;954016824;94096026590;thalita pilar;thalita;thalita185
321;358045810;52481981037;dominique da mata;dominique;dominique693
483;758459843;49593407280;laura nogueira;laura;laura679
751;123;123;asd;asd;asd
111;12344444;123444444;patricio;soares;senha
222;213123213;123123213;matue;matue123;123123
123;85988793041;23123123;jubileu;jubileu;jubileu123
